text,positive
손학규 보이콧 향해 해당 행위 좌시 않,-1
퇴직자NNG 자발NNG ,-1
해외여행NNG 준비NNG 면세점NNG 할인NNG 받VV ,1
단체NNG 강제NNG 징용NNG 노동NNG 자상NNG 철거NNG 규탄NNG ,-1
창업자NNG 모뎀NNG 칩NNG 생각NNG 있VV ,1
정치NNG 관여NNG 세월NNG 유족NNG 사찰NNG 혐의NNG 정부NNG 관계자NNG 기소NNG ,-1
포토NNG 산VV 가족NNG 화상NNG 봉장NNG 점검NNG 장관NNG ,0
매각NNG 그룹NNG 株NNG 무더기NNG 상한가NNG ,1
물놀NNG 즐기VV 센터NNG 개방NNG ,1
장성NNG 소방서NNG 개청NNG 인력NNG 장비NNG 배치NNG ,1
의원NNG 자유한국당NNG 앙재NNG 대책NNG 위원장NNG 임명NNG ,1
뉴스NNG 핫NNG 썰VV 세상NNG 존재NNG ,0
녹지NNG 그룹NNG 장옥NNG 량NNG 총재NNG 헬스케어NNG 타운NNG 사업NNG 협의NNG ,1
논란NNG 일정NNG 합의NNG 불발NNG 탄력NNG 근로NNG 빅NNG 데이터NNG 처리NNG 공감NNG ,-1
포토NNG 위원장NNG 오픈NNG 뱅킹NNG 세미나NNG 축사NNG ,0
마감NNG 지수NNG 선물NNG 상승NNG ,1
스퀘어NNG 직주NNG 근접NNG 주목NNG 마을NNG 전세NNG 거래NNG ,1
경제NNG 되살리VV 중앙은행NNG 독립NNG 가져야VV ,-1사흘NNG 시청NNG 지연NNG 정상NNG 시점NNG 알VV 어려워VA ,-1
사대문NNG 차량NNG 제한NNG 미세먼지NNG 감축NNG ,-1
구NNG 고속도NNG 톨게이트NNG 유휴지NNG 공영NNG 주차장NNG 조성NNG ,1
화식조NNG 발톱NNG 흉기NNG 주인NNG 숨지VV 지구NNG 위험NNG 새NNG ,-1
봄맞이NNG 개편NNG 방송NNG 시간NNG 변경NNG 코너NNG 신설NNG 공식NNG ,1
혁신NNG 기술NNG 中NNG 공략NNG ,1
마감NNG 국채NNG 선물NNG 하락NNG ,-1
자동차NNG 수도NNG 최대NNG 규모NNG 문래NNG 서비스NNG 센터NNG 개소NNG ,1
애물단지NNG 퇴직NNG 연금NNG 원금NNG 보장NNG 원칙NNG 관심NNG 수익NNG ,-1
우승NNG 축하NNG 멋지VA 대단XR 사람NNG ,1개회사NNG 금융NNG 연구NNG 원장NNG ,0
답변NNG 금융NNG 위원장NNG ,0
공무원NNG 임용NNG 경쟁NNG 평균NNG 연령NNG ,0
성공NNG 오픈NNG 뱅킹NNG 도입NNG 위한VV 향후NNG 과제NNG 세미나NNG ,1
세라믹NNG 타일NNG 적용NNG 주방NNG 가구NNG 고급NNG 차별NNG 본격NNG 시동NNG ,1
청약NNG 경쟁NNG 급락NNG 아파트NNG 분양NNG 전월NNG 比NNG ,1
머니NNG 포토NNG 오픈NNG 뱅킹NNG 도입NNG 세미나NNG 참석NNG 금융NNG 위원장NNG ,0
증시NNG 맥NNG 짚VV 실적NNG 회복NNG 기대감NNG 주NNG 올랐VV ,1
주정차NNG 하VV 해NNG 시선NNG 유도NNG 봉NNG 무더기NNG 훼손NNG 일당NNG 검거NNG ,-1
중부NNG 발전NNG 청년NNG 창업NNG 활성NNG 맞손NNG ,1
장관NNG 동남NNG 원전NNG 해체NNG 연구소NNG 설립NNG 체결NNG ,1
기반NNG 서비스NNG 확대NNG 코스닥NNG 상장NNG 추진NNG ,1
건호NNG 前NNG 대통령NNG 모욕NNG 민형사NNG 소송NNG ,-1
개별NNG 내달NNG 열람NNG ,0
이산가족NNG 화상NNG 봉장NNG 둘러보VV ,0
거래소NNG 공인NNG 회계NNG 사회NNG 코스닥NNG 위한VV ,1
마일NNG ,0
도랑NNG 품VV 청정NNG 마을NNG 사업NNG 추진NNG ,1
소유NNG 기피NNG 시설NNG 문제NNG 점검NNG 행정NNG 처분NNG 가능NNG ,1
매각NNG 연말NNG 완료NNG 전망NNG ,1
세월NNG 호기NNG 게양NNG 국가NNG ,0
대출NNG 규제NNG 고가NNG 아파트NNG 직격탄NNG 점NNG 대비NNG ,-1
지문NNG 인식NNG 센서NNG 모듈NNG 적용NNG 車NNG 판매NNG 개시NNG ,1
정부NNG 세월NNG 참사NNG 당시NNG 민간NNG 불법NNG 감청NNG ,-1
일방NNG 요구NNG 말VV 건설NNG 해법NNG 찾VV 속뜻NNG ,0
투자NNG 증권NNG 글로벌NNG 유망NNG 종목NNG 세미나NNG 개최NNG ,1
검찰NNG 정부NNG 관계자NNG 기소NNG 세월NNG 유가족NNG 사찰NNG 여론NNG 조작NNG ,-1
환율NNG 마감NNG 원NNG 달러NNG ,-1
오픈NNG 뱅킹NNG 세미나NNG 참석NNG 금융NNG 위원장NNG ,0
국내NNG 기업NNG 해외NNG 특허NNG 확보NNG 소홀NNG 불이익NNG 우려NNG ,-1
대화NNG 나누VV 장관NNG 회장NNG ,0
지출NNG 구조NNG 개혁NNG 단회NNG 발언NNG 하VV 차관NNG ,0
의사일정NNG 합의NNG 불발NNG 거취NNG 이견NNG ,-1
文NNG 대통령NNG 장소NNG 형식NNG 구애NNG 받VV 앉VV 희망NNG ,1
규모NNG 기기NNG 장비NNG 공급NNG 계약NNG ,1
장마NNG 코스닥NNG 상승NNG 종목NNG ,1
고래NNG 바다NNG 야생NNG 방류NNG 촉구NNG 캠페인NNG ,0
마감NNG 프로그램NNG 매수NNG 우위NNG ,0
단독NNG 방위비NNG 日NNG 소요NNG 전환NNG 요구NNG 美NNG 비교NNG 말NNG ,0
상가NNG 임대차NNG 분쟁NNG 조정NNG 행사NNG 이행시NNG 강제NNG 집행NNG ,-1
중NNG 진공NNG 국영NNG 방송NNG 타이NNG 그룹NNG 업무NNG 협약NNG 체결NNG ,1
시청자NNG 왕좌NNG 게임NNG 시즌NNG 검열NNG ,-1
세미나NNG 경청NNG 금융NNG 위원장NNG ,0
물NNG 에너지NNG 활용NNG 있VV ,1
주인NNG 찾VV 된VV ,1
그룹NNG 매각NNG 결정NNG 주인NNG 찾VV ,1
경총NNG 협약NNG 비준NNG 공익NNG 위원NNG 합의NNG 유감NNG 인정NNG 어려워VA ,-1
美NNG 알루미늄NNG 공장NNG 건설NNG 투자NNG ,1
차관NNG 지출NNG 구조NNG 개혁NNG 단회NNG ,0
바닷속NNG 쓰레기NNG 수거NNG ,0
지출NNG 구조NNG 개혁NNG 단회NNG ,0
장관NNG 동남NNG 원전NNG 해체NNG 연구소NNG 설림NNG 체결NNG ,1
그룹NNG 매각NNG ,1
바닷속NNG 쓰레기NNG 수거NNG ,0
생각NNG 많VA 금융NNG 위원장NNG ,0
생각NNG 많VA 금융NNG 위원장NNG ,0
위원장NNG 매각NNG 회사NNG 살리VV 긍정NNG 평가NNG ,1
축사NNG 금융NNG 결제NNG 원장NNG ,0
생각NNG 많VA 금융NNG 위원장NNG ,0
성공NNG 오픈NNG 뱅킹NNG 도입NNG 위한VV 향후NNG 과제NNG 세미나NNG ,0
위원장NNG 매각NNG 회사NNG 살리VV 긍정NNG 평가NNG ,1
위원장NNG 매각NNG 회사NNG 살리VV 긍정NNG 평가NNG ,0
성공NNG 오픈NNG 뱅킹NNG 도입NNG 위한VV 향후NNG 과제NNG 세미나NNG ,0
슈팅NNG 닷새NNG 실시NNG ,1
경기NNG 교육청NNG 학교NNG 급식NNG 음식물NNG 쓰레기NNG 줄이VV 운영NNG ,1
특징NNG 주NNG 면세점NNG 매출NNG 기록NNG 화장NNG 품주NNG 동반NNG 강세NNG 종합NNG ,1
윤NNG 총경NNG 골프NNG 접대NNG 확인NNG 유리NNG 대표NNG 비용NNG 부담NNG 종합NNG ,-1
포토NNG 산VV 가족NNG 화상NNG 봉장NNG 찾VV 장관NNG ,0
통상NNG 교섭NNG 본부NNG 장NNG 반도체NNG 산업NNG 수출NNG 간담회NNG ,0
반도체NNG 산업NNG 수출NNG 간담회NNG ,0
춘당NNG 당NNG 역사NNG 공원NNG 열려VV ,0
본부NNG 장NNG 시스템NNG 반도체NNG 발전NNG 전략NNG 발표NNG ,1
포토NNG 산VV 가족NNG 화상NNG 봉장NNG 점검NNG 장관NNG ,0
매각NNG 그룹NNG 株NNG 무더기NNG 상한가NNG ,1
성매매NNG 사이트NNG 제작비NNG 반환NNG 조폭NNG 구속NNG ,-1
물놀NNG 즐기VV 센터NNG 개방NNG ,1
아들NNG 살해NNG 혐의NNG 징역NNG 선고NNG 받VV 어머니NNG 항소NNG ,-1
건호NNG 前NNG 대통령NNG 모욕NNG 민형사NNG 소송NNG ,-1
장성NNG 소방서NNG 개청NNG 인력NNG 장비NNG 배치NNG ,0
제천NNG 시립NNG 도서관NNG 읽VV 올해NNG 도서NNG 선정NNG ,0
장마NNG 거래소NNG 하락NNG 종목NNG ,-1
고성군NNG 대첩NNG 축제NNG 개최NNG ,0
장마NNG 거래소NNG 상승NNG 종목NNG ,1
발견NNG 승부수NNG 낮VA 확률NNG 해VV 꿈NNG 이뤄VV ,0
모비NNG 노트NNG 할인NNG 판매NNG 이벤트NNG 진행NNG ,
혁신NNG 금융NNG 오픈NNG 뱅킹NNG 필수NNG 은행NNG 상호NNG 개방NNG 통해VV 생존NNG 가능NNG ,1
신고NNG 경신NNG ,1
오VV 금융NNG 공동NNG 결제NNG 오픈NNG 뱅킹NNG 전면NNG 시행NNG ,1
도착NNG 정보NNG 안내NNG 단말기NNG 설치NNG ,1
포토NNG 인사말NNG ,0
포토NNG 자유한국당NNG 평가NNG 토론회NNG ,0
육군NNG 총장NNG 발NNG 뛰VV 현장NNG 장병NNG 소통NNG ,1
포토NNG 자유한국당NNG 평가NNG 토론회NNG ,0
포토NNG 인사말NNG ,0
포토NNG 자유한국당NNG 평가NNG 대응NNG 토론회NNG ,0
익사NNG 위기NNG 시민NNG 구조NNG ,0
포토NNG 국민NNG 일보NNG 치과NNG 의료NNG 아카데미NNG 공동NNG 운영NNG 협약NNG ,1
국가NNG 존재NNG 느끼VV 해VV 진정한VA 복지NNG 장관NNG 올려VV ,1
포토NNG 노원NNG 구청NNG 장기NNG 족구NNG 대회NNG 개최NNG ,0
가상화폐NNG 뉴스NNG 네트워크NNG ,0
바람NNG 부르VV 윤지오NNG 모두NNG 감사NNG 증언NNG 마지막NNG ,0
그림NNG 마당NNG ,0
독립NNG 유공자NNG 유가족NNG 운영NNG 편의점NNG 공원NNG 오픈NNG ,1
장도리NNG ,0
사건NNG 윤지오NNG 유일NNG 증언NNG 자신NNG 위한VV 고발NNG ,0
분만NNG 아이NNG 떨어뜨려VV 사망NNG 병원NNG 과실NNG 은폐NNG 의혹NNG 수사NNG 종합NNG ,-1
중독NNG 스톱NNG 외친VV 교황NNG ,-1
고맙VA 김치NNG 남북한NNG 수어NNG 통역NNG 필요NNG ,0
중견NNG 그룹NNG 축소NNG 건설NNG 고속NNG 레저NNG 남VV ,-1
핫NNG 보VV ,1
날씨NNG 내일NNG 맑VA 낮NNG 일교차NNG 유의NNG ,0
동쪽NNG 국민군NNG 서쪽NNG 수도NNG 공격NNG 후NNG 사망NNG ,-1
올해NNG 상반기NNG 안NNG 정상NNG 회담NNG 열리VV 힘들VA ,-1
제자NNG 성추행NNG 의혹NNG 교수NNG 미술NNG 전시회NNG 논란NNG ,-1
관계NNG 훌륭XR 좋VA 金NNG 화답NNG ,1
미숙NNG 소환NNG 조사NNG 윗선NNG 수사NNG 나설VV ,-1
방도NNG 없VA 매각NNG 가닥NNG ,-1
매각NNG 유력NNG 이번NNG 주NNG 수정NNG ,0
스테이지NNG 팀NNG 아이콘NNG 칭찬NNG 감격NNG 눈물NNG 했VV ,1
예명NNG 개명NNG 이유NNG ,0
오늘NNG 날씨NNG ,0
세월NNG 엄마NNG 웃겨VV 가족NNG 극단NNG 순회공연NNG ,0
졸속NNG 환경NNG 파괴NNG 난VV 개발NNG ,-1
간추린VV 단신NNG 의원NNG 실NNG 점거NNG 대학생NNG 구속NNG 영장NNG 기각NNG ,-1
자막NNG 뉴스NNG 이상NNG 뽑VV 약속NNG 지켰VV ,0
자막NNG 뉴스NNG 법NNG 궁금증NNG 쉽VA 풀VV 전직NNG 대법관NNG 되VV ,0
분만NNG 의사NNG 실수NNG 신생아NNG 낙상NNG 사망NNG 은폐NNG ,-1
이상NNG 뽑VV 약속NNG 지켰VV ,1
날짜NNG 가르VV 정규직NNG 전환NNG 실직NNG 내몰린VV 노동자NNG ,0
항공기NNG 탑승객NNG 가방NNG 권총NNG 발견NNG ,0
승리NNG 횡령NNG 성폭행NNG 직원NNG 변호사NNG 비용NNG 사용NNG ,-1
어린이NNG 노인NNG 맞춤NNG 교통NNG 안전NNG 교육NNG ,0
의원NNG 회관NNG 실NNG 점거NNG 진보NNG 단체NNG 회원NNG 구속NNG 영장NNG 기각NNG ,-1
포천NNG 공원NNG 센터NNG 개관NNG 교육NNG 산실NNG ,0
막판NNG 폭발NNG 꺾VV ,1
아파트NNG 진출NNG 입NNG 승용차NNG 전복NNG ,-1
인NNG 스타NNG 오류NNG 발생NNG 원인NNG ,0
회장NNG 빈소NNG 추모NNG 행렬NNG 종합NNG ,-1
평화NNG 염원NNG 담VV 판NNG 추진NNG 차NNG 한잔NNG 나누VV ,1
대미NNG 관계NNG 인맥NNG 지원NNG 국위NNG 선양NNG 큰VA 역할NNG 하VV ,1
군의관NNG 뇌졸중NNG 후유증NNG 예측NNG 모델NNG 개발NNG ,1
지역NNG 경제NNG 초석NNG 놓VV 치즈NNG 아버지NNG 고인NNG 기리VV ,1
인사NNG 통일부NNG ,0
자신NNG 낳VV 신생아NNG 살해NNG 유기NNG 여성NNG 구속NNG ,-1
대화NNG 공감NNG 협상NNG 진전NNG 투명NNG 대외NNG 확대NNG ,-1
영입NNG 효과NNG 봤VV 행진NNG 단독NNG 선두NNG ,1
누워서VV 손가락NNG 불NNG 끄VV 소리NNG 키운다VV ,1
태도NNG 돌변NNG 노동NNG 자상NNG 철거NNG 이러VV ,-1
문NNG 대통령NNG 내일NNG 대북NNG 특사NNG 설명NNG 北NNG 설득NNG 메시지NNG 주목NNG ,0
화석NNG 연료NNG 돈NNG 재생NNG 에너지NNG 몰린다VV ,1
SNSNNG 말VV 장토NNG 하자NNG 조국NNG 제안NNG ,0
최단NNG 기간NNG 역사NNG 컴백NNG 무대NNG ,1
재건축NNG 디에이치NNG 센트NNG ,1
일주NNG 건설NNG 오피스텔NNG 봄NNG 분양NNG ,1
위례NNG 도시NNG 우NNG ,1
물NNG 축제NNG 교통사고NNG 사망NNG ,-1
이번NNG 주NNG 수정안NNG 제출NNG 힘NNG 실리VV 매각NNG 설NNG ,1
위해VV 없VA ,1
정부NNG 언론NNG 재벌NNG 결혼식NNG 에르NNG 장관NNG 총출동NNG ,1
시민NNG 인상NNG 수상자NNG 선정NNG ,1
신곡NNG 작VA 위한VV 시NNG 공개NNG ,1
축제NNG 사흘NNG 사망NNG 부상NNG ,-1
산불NNG 피해NNG 지역NNG 구호품NNG 전달NNG ,0
오늘NNG 인사NNG ,0
오늘NNG 부고NNG ,0
난민NNG 농성NNG 정부NNG 찾VV ,-1
노동NNG 자상NNG 철거NNG 친일NNG 반발NNG 확산NNG ,-1
인근NNG 소형NNG 비행기NNG 도중NNG 사고NNG 사망NNG ,-1
바른VA 미래NNG 주식NNG 의혹NNG 부부NNG 내일NNG 금융NNG 위NNG 조사NNG 의뢰NNG ,-1
노사NNG 강NNG 대치NNG 사태NNG 되VV 우려NNG ,-1
군대NNG 피하VV 치맥NNG 살찌VV 사건NNG 결론NNG 무죄NNG ,-1
안갯속NNG 빠진VV 항공사NNG 경영NNG 승계NNG 순항NNG ,-1
포토NNG 가족NNG 나눔VV 집NNG 현판식NNG ,0
산불NNG 잿더미NNG 빚더미NNG 소상NNG 공인NNG 살VV 막막XR ,-1
돼지NNG 열병NNG 막VV 협회NNG 예방NNG 대책NNG 긴급NNG 건의NNG ,-1
신병NNG ,-1
獨NNG 호른NNG 여성NNG 비하NNG 광고NNG 논란NNG ,-1
물NNG 축제NNG 사흘NNG 교통사고NNG 사망NNG ,-1
산불NNG 낸VV 뒤NNG 신고자NNG 행세NNG 목소리NNG 대조NNG 검거NNG ,-1
강제NNG 징용NNG 노동자NNG 철거NNG 시민NNG 단체NNG 반발NNG 확산NNG ,-1
체육계NNG 아낌없VA 후원NNG 회장NNG 빈소NNG 조문NNG 종합NNG ,0
세계NNG 보호NNG 무역NNG 리스크NNG 영향NNG ,1
자막NNG 뉴스NNG 신선NNG 배송NNG 제조NNG 일자NNG 허위NNG 표기NNG 의혹NNG ,-1
광화문NNG 광장NNG 세월NNG 참사NNG 기억NNG 문화NNG ,0
광화문NNG 광장NNG 세월NNG 참사NNG 기억NNG 문화NNG ,0
담양군NNG 친환경NNG 공공NNG 급식NNG 모니터NNG 링단NNG 산지NNG 체험NNG 행사NNG 개최NNG ,1
기억NNG 문화NNG 참석NNG 시장NNG 대표NNG ,0
기억NNG 문화NNG 참석NNG 시장NNG 대표NNG ,0
세월NNG 참사NNG 기억NNG 문화NNG 참석NNG 위원장NNG ,0
세월NNG 기억NNG 참사NNG 재수사NNG 책임자NNG 처벌NNG 요구NNG ,0
촛불NNG 물결NNG ,0
광화문NNG 광장NNG 촛불NNG 채우VV ,0
주말NNG 문화NNG 영화NNG 얼굴NNG 포스터NNG 보VV 추억NNG ,0
당첨자NNG 배NNG 출점NNG 퓨전NNG 판매점NNG 동점NNG ,1
노총NNG 간부NNG 자택NNG ,-1
세월NNG 참사NNG 기억NNG 문화NNG ,0
세월NNG 참사NNG 기억NNG 문화NNG ,0
세월NNG 참사NNG 기억NNG 문화NNG ,0
세월NNG 참사NNG 책임자NNG 처벌NNG 외치VV ,0
정상NNG 회의NNG 文NNG 대통령NNG 개별NNG 회담NNG 추진NNG 해VV ,0
축제NNG 개막NNG 교통사고NNG 사망자NNG 명NNG ,-1
관계NNG 훌륭XR 정상NNG 회담NNG 좋VA ,1
단죄NNG 받VV 역사NNG 복원NNG 현장NNG 가VV ,0
성폭행NNG 혐의NNG 피해NNG 여성NNG 다음NNG 주NNG 검찰NNG 출석NNG 수사NNG 본격NNG ,-1
속보NNG 핵무기NNG 제재NNG 제거NNG 날NNG 고대NNG ,1
가상화폐NNG 뉴스NNG 엑스NNG ,0
당첨NNG 번호NNG 당첨금NNG ,0
속보NNG 만남NNG 좋VA 입장NNG 이해NNG ,1
복사꽃NNG 만발NNG 과수원NNG ,0
복사꽃NNG 만발NNG ,0
세월NNG 물결NNG 이룬VV 촛불NNG ,0
촛불NNG 물결NNG ,0
열린VV 세월NNG 추모NNG ,0
성폭행NNG 피해NNG 주장NNG 여성NNG 다음NNG 주NNG 수사NNG 출석NNG ,-1
속보NNG 정상NNG 회담NNG 좋VA 입장NNG 이해NNG ,0
물결NNG 이룬VV 촛불NNG ,0
유채NNG 꽃NNG 빠른VA 수국NNG 형형색색NNG 물든VV ,0
잊VV 세월NNG 광화NNG 문서NNG 기억NNG 열려VV 종합NNG ,0
부고NNG 의회NNG 사무국NNG 홍보NNG 팀장NNG 빙모NNG ,0
성폭행NNG 혐의NNG 피해NNG 여성NNG 다음NNG 주NNG 검찰NNG 출석NNG ,-1
美NNG 트럼프NNG 정상NNG 회담NNG 좋VA 속보NNG ,1
소방관NNG 국가NNG 직NNG 논의NNG 위원NNG 전수NNG 조사NNG 해VV ,0
핵무기NNG 제재NNG 제거NNG 날NNG 고대NNG 속보NNG ,1
비하인드NNG 뉴스NNG 결정NNG 존중NNG ,-1
주먹NNG 선두NNG 차NNG 컷NNG 통과NNG ,1
정상NNG 회담NNG 좋VA 입장NNG 이해NNG 속보NNG ,1
당첨NNG 번호NNG ,0
산불NNG 피해NNG 지역NNG 복구NNG 지원NNG 잇따라VV 무료NNG 급식NNG 농기계NNG 임대NNG ,1
보너스NNG 번호NNG 당첨금NNG ,0
대타NNG 만루NNG 홈런NNG 극NNG 역전승NNG ,1
미친VV 임대료NNG 질린VV 시민NNG 재산NNG 몰수NNG 외치VV ,-1
주석NNG 北NNG 위원장NNG 재추대NNG 축전NNG 친선NNG 관계NNG 발전NNG ,1
뉴스NNG 브리핑NNG 특수NNG 고용NNG 노동자NNG 노동NNG 보장NNG 집회NNG ,-1
당첨NNG 번호NNG ,0
앵커NNG 눈NNG 靑NNG 다음NNG 주NNG 北NNG 본격NNG 접촉NNG 정상NNG 회담NNG 어려워VA ,-1
보너스NNG 종합NNG ,0
당첨NNG 번호NNG 보너스NNG ,0
포토NNG 불교NNG 연합NNG 오VV 날NNG 봉축NNG 점NNG ,0
당첨금NNG 당첨NNG 번호NNG ,0
회담NNG 해VV 용의NNG 美NNG 계산법NNG 요구NNG ,1
우산NNG 챙기VV 내일NNG 전국NNG 봄비NNG 오후NNG 들VV 그칠VV ,0
뉴스NNG 헤드라인NNG ,0
당첨금NNG 종합NNG ,0
英NNG 의원NNG 보내VV 성폭행NNG 재판NNG 받VV 해야VV ,-1
살인범NNG 없VA 암살NNG 여성NNG 다음NNG 달NNG 석방NNG ,-1
영원NNG 알VV 라면NNG 인기NNG 시들XR 이유NNG ,-1
방방곡곡NNG 평화NNG 통일NNG 법음NNG ,0
보VV 열VV 무용지물NNG 어도NNG 물고기NNG 폐사NNG ,0
왕NNG 귀환NNG 우승NNG ,1
의류NNG 나온다VV 이용자NNG 투표NNG 진행NNG ,1
체포NNG 대통령NNG 사생활NNG 유출NNG 결정타NNG ,-1
중앙NNG 어린이NNG 부모NNG 재결합NNG 기회NNG 열려VV ,1
낙태죄NNG 결정NNG 찬성NNG 먹VV 낙태NNG 약NNG 허용NNG 팽팽XR ,0
광화문NNG 광장NNG 노란VA 물결NNG 세월NNG 기억NNG ,0
부고NNG 대표NNG 이사NNG 부친상NNG ,0
부고NNG 대표NNG 이사NNG 별세NNG ,0
인사NNG 농림NNG 축산NNG 식품NNG 부NNG ,0
인사NNG ,0
연휴NNG 음주NNG 사망NNG 사고NNG 살인죄NNG 적용NNG 엇박자NNG ,-1
인사NNG 국토NNG ,0
당첨NNG 번호NNG 보너스NNG ,0
현금NNG 받VV 여행사NNG 폐업NNG 예비NNG 부부NNG 날벼락NNG ,-1
손NNG 펀드NNG 수수료NNG 불만NNG ,-1
가상화폐NNG 뉴스NNG 코인NNG 전일NNG 대비NNG 내린VV ,0
휴일NNG 전국NNG 요란NNG 강한VA 바람NNG 주의NNG ,0
이슈NNG 플러스NNG 차NNG 일반인NNG 허용NNG 거래NNG 늘VV 인프라NNG ,0
놀라운VA 커브NNG 다이어트NNG 효과NNG 눈길NNG ,0
잊VV 세월NNG 광화문NNG 거대NNG 노란VA 리본NNG 종합NNG ,0
신곡NNG 공개NNG 후NNG 서버NNG 다운NNG 멜론NNG 잇단VV 장애NNG ,-1
부재NNG 기억NNG 세월NNG 남VV ,0
검찰NNG 동영상NNG 보고NNG 무혐NNG 이유NNG ,-1
짜릿XR 명승부NNG 기선NNG 제압NNG ,0
봄NNG 만든VV 새싹NNG ,0
모건NNG 체이스NNG 순익NNG 달러NNG 예상NNG 상회NNG ,1
文NNG 대통령NNG 美NNG 방문NNG 마치VV 귀국NNG 공항NNG 안착NNG ,0
사과NNG 드립니다VV ,-1
문NNG 대통령NNG 미NNG 정상NNG 회담NNG 일정NNG 마치VV 밤NNG 귀국NNG ,0
검찰NNG 관련NNG 글로벌NNG ,-1
인니NNG 슬VV 동부NNG 규모NNG 지진NNG 가능NNG ,-1
낙태NNG 시술NNG 처벌NNG 받VV ,0
주식NNG 처분NNG 사퇴NNG 거부NNG 정의당NNG 조건부NNG 찬성NNG 선회NNG ,-1
회장NNG 빈소NNG 찾VV 전NNG 사장NNG ,0
검찰NNG 분식NNG 회계NNG 관련NNG ,-1
무죄NNG 입증NNG 성희롱NNG 법NNG 논란NNG 일자NNG 철회NNG ,-1
회장NNG 빈소NNG 찾VV 경총NNG ,0
맛NNG 속NNG 촬영NNG 범죄NNG 英NNG 법제NNG 이끈VV 女NNG ,-1
오늘NNG 뉴스NNG 종합NNG 부적격NNG 여론NNG 속앓이NNG 다음NNG 선거NNG 이기VV 문NNG 닫VV ,-1
민원NNG 처리NNG 불만NNG 구청NNG 불지르VV 도주NNG 입건NNG ,-1
원산지NNG 표시NNG 日NNG 승리NNG 불안NNG ,-1
美NNG 수입NNG 물가NNG 상승NNG 폭NNG 예상NNG 상회NNG ,0
내일NNG 나오VV 배달NNG 기사NNG 당일NNG 해고NNG 모범NNG 사례NNG ,-1
날씨NNG 내일NNG 봄NNG 냄새NNG 한낮NNG ,0
민원NNG 처리NNG 불만NNG 구청NNG 불내NNG 달아난VV 여성NNG ,-1
가상화폐NNG 뉴스NNG ,0
스타NNG 된VV 우정NNG 음란물NNG 유포NNG 무더기NNG 송치NNG ,-1
클로징NNG ,0
男NNG 중요NNG 부위NNG 공격NNG 대형NNG 견NNG 맹견NNG 지정NNG 허점NNG ,-1
날씨NNG 미세먼지NNG 주의NNG 일요일NNG 거센VA 비바람NNG ,0
골프NNG 조사NNG 횡령NNG 정황NNG ,-1
금요일NNG 경기NNG 시행NNG 평일NNG 최다NNG 관중NNG 달성NNG ,1
거세VA 선NNG 비준NNG 요구NNG 국회NNG 합의NNG 난망NNG ,-1
당NNG 산불NNG 위해VV 모금NNG ,0
비하인드NNG 뉴스NNG 유NNG 다양NNG 해석NNG ,0
르포NNG 공포NNG 여전NNG 가VV ,-1
상습NNG 마약NNG 송치NNG 다음NNG 주NNG 경찰NNG 출석NNG ,-1
野NNG 검찰NNG 고발NNG 금융NNG 위NNG 수사NNG 의뢰NNG 靑NNG 거래NNG 과정NNG 불법NNG 없VA ,-1
바른VA 미래NNG 일각서NNG 다음NNG 주NNG 지명NNG 직NNG 최고NNG 위원NNG 임명NNG ,0
봄꽃NNG 절정NNG 일요일NNG 전국NNG 강풍NNG ,0
기밀NNG 폭로NNG 도피NNG 끝NNG 체포NNG 美NNG 송환NNG 촉각NNG ,-1
궁금XR 한VV 이야기NNG 강아지NNG 청부NNG 살해NNG 키우VV 고양이NNG 증오NNG 빚어진VV 범죄NNG ,-1
추가NNG 물증NNG 확보NNG 나선VV 사단NNG 영상NNG 관련자NNG 줄NNG 소환NNG ,-1
후보NNG 보유NNG 주식NNG 전량NNG 매각NNG 단기NNG 투자NNG 차익NNG ,-1
다스NNG 사장NNG 분식NNG 회계NNG 지시NNG ,-1
빈소NNG 찾VV ,0
동영상NNG 생성NNG 입수NNG 검찰NNG 경위NNG 추적NNG ,0
취재진NNG 질문NNG 답변NNG 회장NNG ,0
회장NNG 빈소NNG 조문NNG ,0
빈소NNG 찾VV 회장NNG ,0
세계NNG 남편NNG 나서VV 해명NNG 후보NNG 임명NNG 강행NNG 괜찮VA ,-1
회장NNG 조문NNG 마친VV ,0
그룹NNG 회장NNG 빈소NNG 찾VV 국회NNG 의장NNG ,0
현실NNG 노조NNG 부분NNG 파업NNG 맞대응NNG ,-1
상품권NNG 재능NNG 해봄VV 이벤트NNG ,1
국무NNG 위원장NNG 재추대NNG 권한NNG 강화NNG ,0
재건축NNG 명도NNG 집행NNG 충돌NNG 철거민NNG 연합회NNG 입건NNG ,-1
취재진NNG 질문NNG 답NNG 경영자NNG 협회NNG 회장NNG ,0
조문NNG 마치VV 취재진NNG 질문NNG 답NNG 회장NNG ,0
美NNG 언론NNG 딜NNG 가능NNG 주목NNG 문NNG 대통령NNG 작VA 승리NNG ,1
임신NNG 중지NNG 입법NNG 기간NNG 사유NNG 제한NNG 논의NNG 좁히VV 돼VV ,-1
새판NNG 짠VV 약진NNG 발탁NNG 눈길NNG ,0
사진NNG ,0
인근NNG 규모NNG 강진NNG ,0
고양NNG 시장NNG 추경NNG 예산NNG 만성NNG 불편NNG 해소NNG 투입NNG ,1
오염NNG 매트NNG 암암리NNG 활용NNG 감염NNG 위험NNG 노출NNG 환자NNG ,-1
따져VV 이견NNG 드러낸VV 韓美NNG 발표문NNG 사용NNG 단어NNG 달랐VA ,0
회담NNG 추진NNG 정상NNG 마중물NNG ,0
영부인NNG 단독NNG 오찬NNG 여사NNG 아VV ,0
뉴스NNG 단신NNG 정부NNG 유류NNG 인하NNG 연장NNG ,1
노총NNG 노동NNG 자상NNG 철거NNG 친일NNG 행위NNG 규탄NNG ,0
창립자NNG 체포NNG 송환NNG 끝NNG 싸울VV ,0
뉴스NNG 헤드라인NNG ,0
독NNG 가만있VV 사람NNG 물VV 순둥이NNG 견주NNG 거센VA 비판NNG ,-1
지진NNG 후NNG 쓰VV 우려NNG 속보NNG ,-1
제재NNG 유지NNG 의사NNG 밝힌VV 트럼프NNG 전략NNG 고수NNG ,1
공식NNG 국무NNG 위NNG 겸직NNG ,0
뒷줄NNG 앉VV 협상NNG 적극NNG 나서VV 의미NNG ,1
마약NNG 수사NNG 경찰NNG 기록NNG 이름NNG 적시NNG ,-1
민원NNG 불만NNG 도봉NNG 구청NNG 도주NNG 경찰NNG 입건NNG 종합NNG ,-1
회장NNG 마지막NNG 비행NNG 가족NNG 협력NNG 사이NNG 좋VA 이끌VV ,0
가상화폐NNG 뉴스NNG 엑스NNG ,0
항공NNG 주NNG 급등NNG 개인NNG 투자자NNG 주의보NNG ,1
주총NNG 호랑이NNG 국민NNG 연금NNG 움직이VV ,0
출마NNG 의원NNG 협상NNG 전문가NNG ,1
중견NNG 기업NNG 최저NNG 임금NNG 노동NNG 정책NNG 해법NNG 마련NNG 촉구NNG ,1
수준NNG 영어NNG 효율NNG 공부NNG 법NNG 뜬다VV 초등NNG 스마트NNG 학습지NNG 인기NNG ,1
어두운VA 표정NNG 회장NNG ,0
원전NNG 사고NNG 특수NNG 공략NNG 분쟁NNG 역전승NNG ,1
공익NNG 개편NNG 논의NNG 재부NNG 몽니NNG 표류NNG ,0
주식NNG 매각NNG 野NNG 소NNG 잃VV 외양간NNG 고친NNG ,-1
반성NNG 검찰NNG 송치NNG 출국NNG 금지NNG ,-1
궁금XR 이야기NNG 의문NNG 개NNG 청부NNG 살해NNG 의뢰NNG ,-1
비판NNG 신빙NNG 없VA 드루NNG 진술NNG 믿VV ,-1
주행NNG 항공기NNG 긴급NNG 회항NNG 스트라이크NNG ,-1
방NNG 정현NNG 변호사NNG 반전NNG 이력NNG 남다른VA 근육NNG ,1
여성NNG 안위NNG 태아NNG 이분법NNG 넘VV 조화NNG 강조NNG ,1
도피NNG 끝NNG 경찰NNG 체포NNG 송환NNG 가능NNG ,-1
여사NNG 초등NNG 학교NNG 방문NNG ,0
컨테이너NNG 사업NNG 통합NNG 세계NNG 도약NNG ,1
선수금NNG 보전NNG 시정NNG 명령NNG 무시NNG 상조NNG 회사NNG 검찰NNG 고발NNG ,-1
살VV 태어났VV ,1
사고NNG 이중NNG 지원NNG 금지NNG 위헌NNG 위기NNG 법정NNG 공방NNG 예고NNG ,-1
커넥션NNG 의혹NNG 고소NNG ,1
헌법NNG 재판관NNG 후보NNG 소수자NNG 대변NNG 있VV ,3
증발NNG 실형NNG 無NNG 솜방망이NNG 처벌NNG ,1
승리NNG 유명NNG 식당NNG 투자자NNG 만난VV 뒤NNG 혐의NNG 포착NNG ,1
인류NNG 최초NNG 블랙홀NNG 실제NNG 모습NNG 공개NNG ,1
사상NNG 최초NNG 실제NNG 블랙홀NNG 관측NNG 성공NNG 참여NNG ,1
韓NNG 국제NNG 원조NNG 지난해NNG ,1
비즈니스NNG 파트너NNG 대표NNG 세미나NNG 개최NNG ,1
지난해NNG 해외NNG 원조NNG 달러NNG 썼VV 세계NNG 수준NNG ,1
중장NNG 위한VV 전직NNG 스쿨NNG 운영NNG ,1
군산NNG 공장NNG 노동자NNG 추락NNG 사망NNG 전면NNG 작업NNG 중지NNG ,1
산사태NNG 날까VV 겁나VV 산불NNG 피해NNG 우려NNG ,1
여성NNG 일자리NNG 위한VV 우먼NNG 잡VV 톤NNG 개최NNG ,1
세계NNG 최초NNG 블랙홀NNG 사진NNG 공개NNG 이론NNG 예측NNG 맞VV ,1
보VV 신문NNG 복제NNG 약NNG 기대VV 중소NNG 제약사NNG 회사NNG 팝NNG ,1
블랙홀NNG 관측NNG 우주NNG 검VA 구멍NNG 찾VV 세기NNG 주목NNG 도전NNG ,1
광년NNG 떨어진VV 초대NNG 블랙홀NNG 관측NNG 성공NNG ,1
세금NNG 낸VV 억대NNG 연봉NNG 탈세NNG 무법NNG 지대NNG ,-1
성장NNG 안갯속NNG 해외NNG 기관NNG 유일NNG 전망NNG 유지NNG 韓NNG 확장NNG 재정NNG 필요NNG 강조NNG ,-1
오늘NNG 날씨NNG ,0
협약NNG 비준NNG 않VV 입VV 있VV ,-1
경기NNG 하강NNG 심화NNG 세계NNG 흐름NNG 나쁘VA ,-1
할리NNG 이달NNG 자택NNG 필로폰NNG ,-1
올해NNG 성장NNG 유지NNG 추경NNG 편성NNG 반영NNG ,1
글로벌NNG 성장NNG 전망NNG 하향NNG 韓NNG 유지NNG ,-1
판결NNG 앞둔VV 낙태죄NNG 이번NNG 결과NNG 나올까VV ,0
권고NNG 추경NNG 성장NNG 유지NNG ,0
극NNG 단원NNG 추행NNG 항소심NNG 징역NNG 꿈NNG 희망NNG 짓밟VV ,-1
반격NNG 나선VV 성폭행NNG 피해NNG 주장NNG 여성NNG 무고NNG 고소NNG ,-1
가수NNG 일부NNG 팬NNG 퇴출NNG 요구NNG 성명서NNG 발표NNG ,-1
국제NNG 영화제NNG 만든다VV ,1
기차NNG 타VV 바다NNG 보VV ,0
자막NNG 뉴스NNG 지방대NNG 꼬리표NNG 싫VA 수능NNG 뿌리NNG 깊VA 학교NNG 차별NNG ,-1
사진NNG ,0
혁명NNG 수비대NNG 테러NNG 조직NNG 지정NNG 정권NNG 돈줄NNG 죈다VV ,-1
무기NNG 구매NNG 공식NNG 속NNG 끓VV 참VV ,-1
필로폰NNG 투약NNG 할리NNG 마약NNG 조사NNG 처음NNG ,-1
음란물NNG 유포NNG 혐의NNG 가수NNG 내일NNG 경찰NNG 출석NNG ,-1
석유NNG 화학NNG 벚NNG 꽃동산NNG 개방NNG 매년NNG 몰려VV ,1
선발NNG 판서NNG 악NNG 부상NNG 큰VA ,-1
직원NNG 마약NNG 투약NNG 연결NNG 고리NNG 드러나VV ,-1
룸살롱NNG 황제NNG 뒷돈NNG 받VV 도주NNG 경찰NNG 성매매NNG 업소NNG 운영NNG ,-1
아차NNG 골NNG 몰랐VV 속VV 속이VV 세계NNG ,0
날씨NNG 출근길NNG 전국NNG 비NNG 바람NNG 불VV 낮NNG 쌀NNG ,0
철저XR 보안NNG 속NNG 항공NNG 소재NNG 생산NNG 조립NNG 세계NNG 톱NNG 꿈꾼다VV ,1
애NNG 걸릴까VV 불안NNG 전발NNG 홍역NNG 주의보NNG ,-1
교실NNG 공기NNG 의무NNG 법안NNG 통과NNG 정화NNG 식물NNG 인기NNG ,1
진영NNG 산불NNG 책임NNG 있VV 정부NNG 기다릴VV 없VA ,-1
日NNG 자위대NNG 전투기NNG 레이더NNG 사라져VV 추락NNG 가능NNG ,0
뉴스NNG 단신NNG 클린NNG 발대식NNG 홍보NNG 대사NNG 벨벳NNG ,0
엔트리NNG 베NNG 뉴NNG 현대NNG 車NNG 렌더링NNG 공개NNG ,1
시대NNG 누릴VV 없VA ,1
올해NNG 연예인NNG 씨NNG 차례NNG 마약NNG 투약NNG ,-1
문NNG 대통령NNG 산불NNG 당일NNG 술NNG 가짜NNG 뉴스NNG 강력XR 대응NNG ,-1
멸종NNG 위기NNG 노랑부리백로NNG 저어새NNG 령도NNG 국내NNG 최초NNG 번식NNG 확인NNG ,1
해고NNG 비용NNG 국가NNG 공동NNG ,-1
광역NNG 의원NNG 탄생NNG ,1
시대NNG 음원NNG 음향NNG 시장NNG 동반NNG 성장NNG 기대NNG ,1
검찰NNG 지역NNG 국회의원NNG 친동생NNG 금품NNG 수수NNG 의혹NNG 수사NNG ,-1
날씨NNG 오후NNG 비NNG 눈NNG 그치VV 낮NNG 최고NNG 기온NNG 이하NNG ,0
규모NNG 수입품NNG 관세NNG 부과NNG ,-1
세계NNG 최초NNG 외친VV 정부NNG 기지국NNG 품질NNG 기준NNG 없VA ,-1
시청NNG 배드민턴NNG 챌린지NNG 우승NNG ,1
뉴스NNG 브리핑NNG 단원NNG 성추행NNG 징역NNG 늘VV ,-1
급진NNG 채식주의자NNG 정육점NNG 습격NNG 곳곳NNG 잇따라VV ,-1
美NNG 혁명NNG 수비대NNG 테러NNG 조직NNG 지정NNG 北NNG 향한VV 우회NNG 압박NNG ,-1
해VV 돌고래NNG 떼NNG 죽음NNG 군사NNG 훈련NNG 음파NNG 가동NNG 탓NNG ,-1
내줘VV 여당NNG 개표NNG 선거NNG 요구NNG 종합NNG ,-1
내전NNG 격화NNG 교민NNG 철수NNG 거부NNG ,-1
현장NNG 새VV 공무원NNG 연수NNG 지원금NNG 실태NNG ,-1
핵심NNG 협약NNG 비준NNG 무산NNG 국제NNG 평판NNG 악화NNG 우려NNG ,-1
기분NNG 좋VA ,1
경동NNG 신입생NNG 행복NNG 캠퍼스NNG 심리NNG 지원NNG ,1
손NNG 들VV 승리NNG 만끽NNG ,1
이겼VV 전자NNG 랜드NNG ,1
메인VV 카드NNG 극NNG 승리NNG 엇갈려VV 문기NNG 범NNG 웃VV 울VV ,1
자라VV 놀란VV 가슴NNG 석유NNG 화학NNG 공장NNG 불꽃NNG 주민NNG 신고NNG ,-1
회장NNG 급작XR 별세NNG 재판NNG 수사NNG 차질NNG 불가피XR ,-1
감사NNG 의견NNG 거절NNG 상NNG 위기NNG 종합NNG ,-1
사건NNG 피의자NNG 뒷돈NNG 받VV 혐의NNG 경찰NNG 간부NNG 수사NNG ,-1
탐사NNG 플러스NNG 강의NNG 억대NNG 연봉NNG 전관NNG 출신NNG 석좌NNG 교수NNG ,-1
경찰관NNG 뇌물NNG 의혹NNG 경호NNG 업체NNG 대표NNG 소환NNG 조사NNG ,-1
내전NNG 격화NNG 사망NNG 군벌NNG 수도NNG 향해VV 진격NNG ,-1
경찰NNG 마약NNG 혐의NNG 지목NNG 연예인NNG 수사NNG ,-1
산불NNG 제외NNG 종편NNG 특보NNG 편성NNG 해VV ,-1
릉NNG 나눔VV 카NNG 최적NNG 길NNG 안내NNG 서비스NNG ,1
원산NNG 백화점NNG 김NNG 위원장NNG 경제NNG 행보NNG ,1
부고NNG 병NNG 별세NNG ,0
인사NNG 기획NNG 재정부NNG ,0
국제NNG 철도NNG 협력NNG 기구NNG 사장NNG 단회NNG 개최NNG ,0
생활NNG 달인NNG 타이어NNG 달NNG 손NNG 놓VV 굴리VV 능력자NNG ,1
가맹NNG 넘겼VV 구청NNG 쥐어짜VV 논란NNG 키운VV ,-1
중부NNG 농기계NNG 임대NNG 사업소NNG 문NNG 열VV ,1
음악NNG 통한VV 자아NNG 찾VV 여정NNG 큰VA 매력NNG ,1
우시장NNG 도시NNG 재생NNG 뉴딜NNG 선정NNG 지역NNG 산업NNG ,1
단독NNG 윤NNG 중천NNG 경매NNG 넘어갔VV 성NNG 접대NNG 별장NNG 차명NNG 소유NNG 의혹NNG ,-1
단독NNG 딸NNG 채용NNG 비리NNG 증인NNG 채택NNG ,-1
이후NNG 거래NNG 아파트NNG 이상NNG 매매NNG 값NNG 상승NNG ,-1
발열NNG 잡VV 게임NNG 전용NNG 노트북NNG 오디세이NNG ,1
마약NNG 권유NNG 연예인NNG 관심NNG 급증NNG 피의자NNG 신분NNG 입건NNG 출국NNG 금지NNG 검토NNG ,-1
속도전NNG 패NNG 당한VV 단통NNG 법NNG 기자NNG 메모NNG ,1
세계NNG 속NNG 동물NNG 문화NNG 있VA ,0
프라NNG 초음파NNG 피부NNG 노폐물NNG 싹NNG ,0
영아NNG 학대NNG 보미NNG 구속NNG 도주NNG 우려NNG ,-1
정부NNG 미래NNG 부도NNG 민간NNG 불법NNG 감청NNG 정황NNG 종합NNG ,-1
오늘NNG 인사NNG ,0
오늘NNG 부고NNG ,0
주간NNG 브리핑NNG 워크NNG 이노베이션NNG 컨퍼런스NNG 개최NNG ,1
플레이오프NNG 홈NNG 기사회생NNG ,1
골NNG 역대NNG 가입NNG ,1
집값NNG 하락NNG 전망NNG 매매NNG 불안NNG 전세NNG 산다VV ,-1
진로NNG 탐색NNG 전공NNG 선택NNG 위한VV 입학NNG 설명NNG 페스티벌NNG 료NNG ,1
성묘객NNG 담뱃불NNG 예천NNG 산불NNG 태우VV 진화NNG ,-1
소식NNG 지역NNG 거점NNG 콘텐츠NNG 기업NNG 육성NNG 센터NNG 부평NNG 유치NNG ,1
북부NNG 받VV 다리NNG 붕괴NNG 최소NNG 실종NNG ,-1
부고NNG 씨NNG 별세NNG ,0
친구NNG 있VV 도전NNG 계속NNG ,1
경기NNG 치료NNG 라NNG 건아NNG ,-1
벤치NNG 전해진VV 승리NNG 예감NNG ,1
전광석화NNG 같VA 슛NNG ,1
북NNG 민단VV 대사관NNG 비난NNG 전단VV 살포NNG ,-1
영상NNG 부모NNG 안정NNG 찾VV 잿더미NNG 집NNG 가족NNG 눈물NNG ,-1
모니터NNG 출시NNG ,1
끝NNG 판다NNG 세무NNG 당국NNG 추적NNG 승리NNG 수상XR 법인NNG 실체NNG ,-1
부고NNG 언씨NNG 별세NNG 外NNG ,0
고압선NNG 끊VV 불꽃NNG 성과NNG 판박이NNG 화재NNG 큰일NNG 날NNG ,-1
미안NNG 가VV 발길NNG 여행NNG 와VV ,-1
산나물NNG 캐VV 간VV 실종NNG 사흘NNG 숨진VV 발견NNG ,-1
디스플레이NNG 개발자NNG 원NNG 팀NNG 뭉쳐VV 걸릴VV 일NNG 성과NNG ,1
산불NNG 나VV 찾VV 대형NNG 소방NNG 헬기NNG 예산NNG 문제NNG 물거품NNG ,-1
지자NNG 체장NNG 수습NNG 대책NNG 회의NNG 했VV 주민NNG 답답XR ,-1
간호NNG 사관NNG 학교NNG 교과NNG 과정NNG 학사NNG 학위NNG 걸맞VA 개정NNG ,1
관광객NNG 끊기VV 예약NNG 취소NNG 잇따라VV 산불NNG 지역NNG 경제NNG ,-1
멀티NNG 히트NNG 조NNG 우승NNG ,1
산불NNG 약수터NNG 발화NNG 실화NNG 가능NNG 무게NNG ,-1
연속NNG 포효NNG ,1
무제NNG 무늬NNG 제한NNG 논란NNG ,-1
이번NNG 관악NNG 경찰NNG 유흥업소NNG 뇌물NNG 수수NNG 혐의NNG 입건NNG ,-1
당첨NNG 번호NNG 당첨금NNG ,0
총리NNG 오늘NNG 산불NNG 피해NNG 특별NNG 재난NNG 지역NNG 선포NNG 결론NNG 대통령NNG 건의NNG ,-1
단독NNG 주택NNG 공시NNG 상승NNG 형평NNG 논란NNG ,-1
中NNG 대형NNG 산불NNG 끄VV 소방관NNG 사망NNG ,-1
지난해NNG 보수NNG ,1
교육청NNG 학교NNG 감사NNG 외부NNG 전문가NNG 도움NNG 받VV ,1
흰머리NNG 어때서VA 드러낸VV 인생NNG 훈장NNG ,1
차NNG 탄VV 현금NNG 인출NNG 경조사NNG 카드NNG 달라지VV 금융NNG ,1
폭풍NNG 친지NNG 죽음NNG 오열NNG 여성NNG ,-1
황남NNG 대총NNG 유리잔NNG 온전XR 형태NNG 복원NNG ,1
佛NNG 장관NNG 나와VV 측근NNG ,1
신년NNG 초대석NNG 시장NNG 국토NNG 최북단NNG 포구NNG 미래NNG 설계NNG ,1
韓NNG 경제NNG 보루NNG 흔들VV 수출NNG 감소NNG 반도체NNG 주문NNG 절벽NNG ,-1
회장NNG 연속NNG 연봉NNG ,1
연봉NNG 주인공NNG 판매NNG 왕NNG 사장NNG 많VA ,1
뉴스NNG 포커스NNG 명품NNG 주거NNG 단지NNG 새롭VA 변모NNG 프리미엄NNG 팰리스NNG ,1
국내NNG 연봉NNG 전NNG 회장NNG ,1
생활NNG 달인NNG 신문NNG 배달NNG 달NNG 던졌VV 하VV 접VV 방식NNG 따라VV 위치NNG 달라VA ,1
연봉NNG 억NNG 소리NNG ,1
검찰NNG 가습기NNG 살균제NNG 부사장NNG 구속NNG 기소NNG 대표NNG 소환NNG ,-1
금지NNG 첫날NNG 혼란NNG 문제NNG 복잡XR 속NNG 비닐NNG 허용NNG 기준NNG ,-1
추돌NNG 사고NNG 숨진VV 친구NNG 놔두VV 잠적NNG 운전자NNG 자수NNG ,-1
민자NNG 투자NNG 번영NNG 공감NNG ,1
정상NNG 회담NNG 임박NNG 집사NNG ,1
비하인드NNG 뉴스NNG 경제NNG 정책NNG 설명NNG 하VV 부총리NNG ,1
아파트NNG 불NNG 주민NNG 대피NNG ,-1
만나VV 문NNG 대통령NNG 의미NNG 있VV 대화NNG 기대NNG 트윗NNG ,1
父NNG 유공자NNG 의혹NNG 보훈NNG 처NNG ,-1
초등NNG 수학NNG 흥미NNG 찾VV 지름길NNG 스마트NNG 학습지NNG 즐겁VA 공부NNG ,1
침대NNG 레트NNG 스테이션NNG 전시NNG 연장NNG 진행NNG 아날로그NNG 감성NNG 현대NNG 미술NNG 공존NNG ,1
한도NNG 소재NNG 주NNG 대표NNG 기업가NNG 정신NNG 소기업NNG 상생NNG 협력NNG ,1
웃음NNG 코드NNG 퍼지VV 사건NNG 가해VV 주의보NNG ,-1
겨눈VV 국세청NNG 전격NNG 세무NNG 조사NNG 착수NNG ,-1
국세청NNG 테NNG 먼VA 트NNG 세무NNG 조사NNG 착수NNG ,-1
환송NNG 인사NNG 악수NNG 문NNG 대통령NNG ,0
순방NNG 마친VV 대통령NNG 내외NNG ,0
손NNG 흔들VV 인사NNG 문NNG 대통령NNG 내외NNG ,0
환송NNG 인사NNG 악수NNG 문NNG 대통령NNG ,0
장남NNG 유효NNG 기간NNG 지난VV 어학NNG 성적표NNG 합격NNG 종합NNG ,1
대통령NNG 내외NNG 순방NNG 마치VV 귀국NNG ,0
긴박NNG 불법NNG 어선NNG 나포NNG 순간NNG ,-1
상습NNG 골프NNG ,-1
가상화폐NNG 뉴스NNG 질NNG ,0
카드NNG 풀VV 세트NNG 끝NNG 역전승NNG 기선NNG 제압NNG ,1
카드NNG 뉴스NNG 춘곤증NNG 잡VV 커피NNG ,1
빌라NNG 화재NNG 목격NNG 여고생NNG 선행NNG 무사NNG 구조NNG ,1
태권NNG 승단NNG 심사NNG 비VV 고무줄NNG 걷VV 올리VV ,-1
순방NNG 마치VV 차량NNG 탑승NNG 문NNG 대통령NNG ,0
불법NNG 알VV 같VA 법NNG 사랑NNG 공권력NNG 조롱NNG ,-1
단독NNG 연수원NNG 설립NNG 매각NNG ,1
제약사NNG 기술NNG 이전NNG ,1
지하NNG 예술NNG 정원NNG 탄생NNG ,1
공동NNG 주택NNG 공시NNG 예정NNG 최대NNG ,1
반민NNG 특위NNG 국민NNG 분열NNG 발언NNG 논란NNG 역사NNG 왜곡NNG 비판NNG ,-1
문NNG 대통령NNG 형사NNG 사법NNG 공조NNG 조약NNG 추진NNG ,1
휴가NNG 병실NNG 특혜NNG 의혹NNG 육군NNG 있VA 될VV 일NNG ,-1
미군NNG 정보NNG 요원NNG 헬기NNG 사격NNG 현장NNG 있VV 주장NNG ,-1
수입NNG 제작사NNG 리콜NNG 실시NNG ,1
당NNG 통일NNG 장관NNG 후보NNG 전선NNG 부장NNG 독설NNG ,-1
딸NNG 부정NNG 채용NNG 前NNG 임원NNG 구속NNG ,-1
경기NNG 부지사NNG 내선NNG 복선NNG 전철NNG 현장NNG 점검NNG ,0
탈선NNG 파손NNG 열차NNG 내부NNG ,-1
사고NNG 여객기NNG 블랙박스NNG ,-1
포토NNG 선학원NNG 정법사NNG 장학금NNG 기탁NNG ,1
사람NNG 웃겨VV 울리VV 대권NNG 꿈꾸VV 코미디언NNG ,1
가습기NNG 살균제NNG 피해NNG 가정NNG 심층NNG 조사NNG 우울NNG 울분NNG ,-1
자금NNG 발견NNG 브랜드NNG 고궁NNG 열광NNG ,1
운전NNG 면허NNG 자진NNG 반납NNG 고령자NNG 인센티브NNG 확산NNG ,1
美NNG 수입NNG 물가NNG 전달NNG 수출NNG ,1
노사NNG 상여금NNG 통상NNG 임금NNG 잠정NNG 합의NNG ,1
국왕NNG 만찬NNG 장NNG 향하VV 대통령NNG ,0
국빈NNG 찬VV 참석NNG 대통령NNG ,0
잇따른VV 추락NNG 사고NNG 운항NNG 일시NNG 중단NNG ,-1
추락NNG 보잉NNG 사고NNG 기종NNG 운항NNG 비상NNG ,-1
대학교NNG 응급NNG 구조NNG 소방NNG 공무원NNG 시험NNG 최종NNG 합격NNG ,1
주민NNG 센터NNG 신축NNG 이전NNG ,1
스타NNG 그램NNG 팝NNG 콘텐츠NNG 인기NNG 독보NNG ,1
엔지니어NNG 수상자NNG 택NNG 수석NNG 연구원NNG 소장NNG ,1
청년NNG 일자리NNG 사업NNG 참여NNG 모집NNG ,1
유치원NNG 비리NNG 적발NNG 화장실NNG 개조NNG 조리실NNG 만들VV ,-1
주총NNG 답변NNG 주주NNG 친화NNG 실천NNG ,1
보잉NNG 운항NNG 일시NNG 중단NNG 명령NNG ,-1
여사NNG 국립대NNG 한국어NNG 수업NNG 학생NNG ,0
귀농NNG 농촌NNG 연고NNG 경험자NNG ,0
꽃샘추위NNG 미세먼지NNG 찬바람NNG 쓸려VV ,0
혼잡NNG 영동NNG 진입NNG 도심NNG 달린VV 자율NNG 주행NNG 차NNG ,1
문NNG 대통령NNG 근로자NNG 가족NNG ,0
미세먼지NNG 단축NNG 수업NNG 교육청NNG 사칭NNG 우편물NNG 종합NNG ,-1
카드NNG 사NNG 수수료NNG 갈등NNG 통사NNG 마트NNG 번지VV ,-1
보궐NNG 선거NNG 총력NNG 지원NNG 위해VV 숙소NNG 마련NNG ,1
스타트업NNG 스타NNG 업NNG 노린다VV ,1
대통령NNG 건설NNG 현장NNG 방문NNG ,0
가상화폐NNG 뉴스NNG 엑스NNG 네트워크NNG ,0
건설NNG 병합NNG 발전소NNG 수주NNG 계약NNG ,1
뿔난VV 여론NNG 놀란VV 정부NNG 카드NNG 소득NNG 공제NNG 연장NNG 검토NNG ,1
달NNG 하루NNG 출근NNG 보고NNG ,1
총리NNG 차량NNG 지키VV 공직자NNG 이익NNG ,-1
항암NNG 식품NNG 표고버섯NNG 먹VV 응급실NNG 실려VV ,-1
택시NNG 극NNG 합의NNG 출퇴근NNG 카풀NNG 허용NNG 상생NNG 발전NNG ,1
아동NNG 폭력NNG 은폐NNG 佛NNG 추기경NNG 유죄NNG 교황NNG 사직서NNG 제출NNG ,-1
전국NNG 미세먼지NNG 비상NNG 저감NNG 조치NNG 오늘NNG 부NNG 해제NNG ,1
모NNG 조합장NNG 후보NNG 금품NNG 살포NNG 혐의NNG 조사NNG ,-1
국민NNG 잠복NNG 결핵NNG 치료NNG 제때NNG 하VV 발병NNG 확률NNG ,-1
산림청NNG 미세먼지NNG 저감NNG 효과NNG 있VV 도시NNG 숲NNG 늘릴VV ,1
北NNG 미NNG 연합NNG 훈련NNG 반발NNG 평화NNG 정면NNG 도전NNG ,-1
전용NNG 구장NNG 갖VV 팬NNG 기대NNG ,1
만남NNG 인연NNG 되VV 복귀NNG 축하NNG 메시지NNG ,1
고을NNG 흑NNG 돼지NNG 전문점NNG 고깃집NNG 창업NNG 시장NNG 변화NNG 일으켜VV ,1
날씨NNG 북풍NNG 덕NNG 미세먼지NNG 대부분NNG 보통NNG 아침NNG 안개NNG 주의NNG ,0
날씨NNG 전국NNG 대부분NNG 미세먼지NNG 보통NNG 일교차NNG 주의NNG ,0
석대NNG 작업NNG 치료NNG 학과NNG 교육NNG 인증NNG 기관NNG 선정NNG ,1
태VV 알린VV 간호사NNG 산재NNG 인정NNG ,1
올스타NNG 전NNG 최고NNG 인기NNG 남NNG 꼴찌NNG 행복NNG ,1
파크NNG 랜드NNG 취NNG 생NNG 무료NNG 정장NNG 대여NNG ,1
스마트NNG 시티NNG 속NNG 道NNG 구미NNG 이색NNG 사업NNG ,1
우승NNG 트로피NNG 거머쥔VV ,1
가상화폐NNG 뉴스NNG 네트워크NNG 질NNG ,0
클러스터NNG 입지NNG 거론NNG 토지NNG 거래NNG 허가NNG 구역NNG 추진NNG ,1
오전NNG 오후NNG 출퇴근NNG 카풀NNG 허용NNG ,1
현장NNG 경영진NNG 얘기NNG 소통NNG 근무NNG 개선NNG 아이디어NNG 얻VV ,1
선거제NNG 공수NNG 처NNG 패스트NNG 트랙NNG 올린다VV ,1
무일푼NNG 딸NNG 빌딩NNG 헐값NNG 양도NNG 숨NNG 부자NNG 탈세NNG 백태NNG ,-1
태VV 호소NNG 극단NNG 선택NNG 간호사NNG 산업재NNG 인정NNG 받VV ,1
잊VV 활약NNG 골NNG 감각NNG 늙VV 이유NNG ,1
초딩NNG 세금NNG 부과NNG 나라NNG 게임NNG 말살NNG 정책NNG 비판NNG 나오VV ,-1
식중독NNG 비상NNG 초교NNG 잇따라VV 의심NNG 증세NNG ,-1
친환경NNG 첨단NNG 장비NNG 탑재NNG 뉴NNG 출시NNG ,1
전기차NNG 트NNG 위지NNG 판다VV ,1
여론NNG 뭇매NNG 서둘러VV 미세먼지NNG 추가NNG 대책NNG 내용NNG 재탕NNG ,-1
음주NNG 단속NNG 피해NNG 순찰차NNG 받VV 도주NNG 체포NNG ,-1
폭발물NNG 우편물NNG 흉기NNG 공격NNG 치안NNG 비상NNG ,-1
휴대폰NNG 무선NNG 데이터NNG 테라NNG 처음NNG 돌파NNG ,1
놀라운VA 업적NNG 최고NNG 제품NNG ,1
상용NNG 사실NNG 연기NNG ,1
전기선NNG 케이블NNG 없VA 등장NNG 관심NNG ,1
최악NNG 미세먼지NNG 국가NNG 손NNG 배NNG 책임NNG 물VV 있VV ,-1
날씨NNG 내일NNG 대부분NNG 미세먼지NNG 나쁨VA 남부NNG 비NNG ,0
의류NNG 작업장NNG 원NNG 피해NNG ,-1
당첨금NNG ,0
부동산NNG 신탁업NNG 예비NNG 발표NNG 최대NNG 업체NNG ,1
샘NNG 김밥NNG 큰VA 프로모션NNG 추가NNG 지원NNG 최저NNG 임금NNG 이슈NNG 끄떡없VA ,1
당첨자NNG 배NNG 출점NNG 천동NNG 마트NNG ,0
개학NNG 연기NNG 유치원NNG 돌봄VV 정상NNG 운영NNG ,1
청소년NNG 만든VV 단체NNG 청출NNG 기념NNG 프로젝트NNG 성NNG 료NNG ,1
위안부NNG 피해자NNG 곽NNG 예NNG 남NNG 할머니NNG 별세NNG 생존자NNG ,0
당첨NNG 번호NNG 최다NNG 배출NNG 지역NNG 대전NNG ,0
게임NNG 팝NNG 주도NNG 한류NNG 흑자NNG 역대NNG 최대NNG ,1
농협NNG 농축산물NNG 나눔VV 우승NNG 응원NNG ,1
회장NNG 마지막NNG 기부NNG ,1
규모NNG 강진NNG ,-1
구속NNG 신청NNG 고령NNG 지병NNG 악화NNG ,-1
관계NNG 심각XR 불화NNG ,-1
실NNG 실무NNG 회담NNG 후NNG 웃VV 비VV ,1
포토NNG 구직자NNG 공항NNG 상주NNG 업체NNG 채용NNG 상담NNG ,1
가상화폐NNG 뉴스NNG 엑스NNG 코인NNG ,0
실리콘NNG 접착제NNG 붙VV 포토NNG 뉴스NNG ,1
신생아NNG 사망NNG 의료진NNG 무죄NNG 말문NNG 막혀VV ,-1
카NNG 대표NNG 프리미엄NNG 서비스NNG 택시NNG 경쟁NNG ,1
통신NNG 공공NNG 금융NNG 시장NNG 공략NNG 강화NNG ,1
겨울NNG 돌아가VV 에어컨NNG 생산NNG 라인NNG ,1
사망NNG 선고NNG 다름없VA 총궐기NNG 대회NNG 결의NNG ,-1
날씨NNG 미세먼지NNG 비상NNG 저감NNG 조치NNG 황사NNG 마스크NNG 챙기VV ,0
떠난VV 자문NNG 위원NNG 컴백NNG ,1
컴퍼니NNG 수제NNG 맥주NNG 회사NNG 모아VV 빨간VA 출시NNG ,1
안락사NNG 논란NNG 케어NNG 대표NNG 폭언NNG 일방NNG 구조NNG 조정NNG ,-1
지진NNG 오후NNG 동남동NNG 지역NNG 규모NNG 국내NNG 영향NNG 없VA ,0
징역NNG 불법NNG 개입NNG 명분NNG 허용NNG 돼VV ,-1
도도NNG 맘NNG 다리NNG 떨VV 주부NNG 혐의NNG 기소NNG ,-1
폴NNG 더블NNG 시대NNG 열리VV 중NNG 한판NNG 승부NNG ,1
비행기NNG ,0
지진NNG 쓰VV 우려NNG 없VA ,0
유료NNG 방송NNG 품VV ,1
문NNG 대통령NNG 모디NNG 총리NNG 타워NNG 만찬NNG 만나VV 기뻐VA ,1
불법NNG 반출NNG 유물NNG 반환NNG ,1
만든VV 우정NNG ,1
케이블카NNG 타VV 스키NNG ,1
생산NNG 기술NNG 부문NNG 담당NNG 사장NNG 선임NNG ,1
입시NNG 이번NNG 음악NNG 변신NNG ,1
예보NNG 금융NNG 이주NNG 여성NNG 가족NNG 초청NNG 행사NNG ,1
대형가NNG 맹점NNG 수수료NNG 고통NNG 분담NNG 요구NNG 카드NNG 사VV ,-1
미터기NNG 바꾸VV 택시NNG 요금NNG 인상NNG 카드NNG 찍VV 돈NNG 내VV 황당XR ,-1
시나이반도NNG 무장NNG 괴한NNG 공격NNG 군인NNG 사상NNG 배후NNG ,-1
무색XR 법망NNG 안내견NNG 돼VV 공공시설NNG 출입NNG 거부NNG ,-1
외교NNG 장관NNG 영토NNG 협상NNG 진전NNG 봐VV ,0
오늘NNG 날씨NNG ,0
역사NNG 현장NNG 전일NNG 빌딩NNG 시민NNG 참여NNG 공간NNG ,1
날씨NNG 밤NNG 곳곳NNG 탁한VA 공기NNG 저녁NNG 남부NNG 비NNG ,0
외무NNG 장관NNG 겸임NNG 양보NNG 대행NNG 임명NNG ,0
대표NNG 폭행NNG 의도NNG 없VA 혐의NNG 부인NNG 대질NNG 신문NNG 가능NNG ,0
오후NNG 수도NNG 최대NNG 폭설NNG 예보NNG ,0
의원NNG 시민NNG 세금NNG 가족NNG 사VV 곳NNG 연수NNG 허위NNG 보VV ,0
녹지NNG 국제NNG 병원NNG 내국NNG 진료NNG ,-1
태양NNG 잠든VV 후배NNG 도전NNG 계속NNG ,0
돌봄VV 센터NNG 자치NNG 구서NNG 첫선NNG ,1
상가NNG 임대차NNG 분쟁NNG 늘VV ,-1
해운대NNG 교통사고NNG 차량NNG 치여VV 할머니NNG 사망NNG ,-1
기업NNG 의존NNG 돼VV 독자NNG 기술NNG 살아남VV 日NNG ,1
사퇴NNG 백악관NNG 근처NNG 뿌려진VV 가짜NNG 신문NNG ,-1
트랙NNG 협의NNG 돌입NNG 쯤NNG 의제NNG 협상NNG 재개NNG ,0
폴NNG 더블NNG 폰NNG 공개NNG 앞두VV 접VV 기술NNG 특허NNG 갱신NNG ,1
마음NNG 착잡XR 택시NNG 기사NNG 막힌VV 카풀NNG 서비스NNG 갈등NNG ,-1
등산객NNG 추락NNG 숨져VV ,-1
워킹NNG 맘NNG 고민NNG 결사NNG 나선VV ,1
청년NNG 가VV ,1
전기NNG 이륜NNG 민간NNG 보급NNG ,1
산림청NNG 산림NNG 훼손NNG 복원NNG ,1
공원NNG 한복NNG 입기NNG 체험NNG 프로그램NNG ,1
부유세NNG 지피NNG 대선NNG 주자NNG 찬성NNG 여론NNG ,1
차단NNG 정책NNG 반대NNG 국민NNG 청원NNG 이르VV ,1
수입NNG 돼지고기NNG 급증NNG 도매가격NNG 최저NNG 수준NNG ,1
오늘NNG 인사NNG ,0
오늘NNG 부고NNG ,0
상가NNG 주택NNG 임대차NNG 상담NNG 전화NNG 운영NNG ,1
알림VV 포럼NNG 시작NNG 해VV ,0
車NNG 정기NNG 생산직NNG 채용NNG 절차NNG 중단NNG 인건비NNG 부담NNG ,-1
형NNG 살린VV 수혈NNG 감사NNG 보은NNG 헌혈NNG ,1
날조NNG 주장NNG 日NNG 역사NNG 학자NNG 별세NNG ,0
인사NNG 병무청NNG ,0
영업NNG 왕NNG 판매량NNG 넘겼VV ,1
용기NNG 있VV 바보NNG 잊VV ,0
부고NNG 별세NNG ,0
교사NNG 자녀NNG 같VA 학교NNG 다녀VV 교육청NNG 난색NNG ,0
전세NNG 자금NNG 대출NNG 받VV 때NNG 반환NNG 보증NNG 가입NNG 안심NNG ,0
여야NNG 방미NNG 귀국NNG 했VV 국회NNG 정상NNG 난망NNG 종합NNG ,0
초계기NNG 위협NNG 뒤NNG 숨겨진VV 정부NNG 속셈NNG ,0
가상화폐NNG 뉴스NNG 질NNG ,0
선전NNG 매체NNG 메아리NNG 관계NNG 대전환NNG 가능NNG ,0
원NNG 의료비NNG 청구NNG 병원NNG 진료비NNG 확인NNG ,0
국방NNG 특임NNG 장관NNG 회담NNG 방산NNG 협력NNG 논의NNG 종합NNG ,0
北NNG 매체NNG 관계NNG 대전환NNG 강조NNG ,0
봄NNG 화려XR ,1
청년NNG 신혼NNG 부부NNG 위한VV 매입NNG 전세NNG 임대NNG 주택NNG 문턱NNG 낮췄VV ,1
입주NNG 지났VV 취득세NNG 날벼락NNG ,-1
다큐멘터리NNG 부선NNG 전포NNG 카페NNG 거리NNG 가VV 위해VV ,1
日NNG 납치NNG 피해자NNG 가족NNG 위원장NNG 일괄NNG 귀국NNG 호소NNG 메시지NNG ,0
공개NNG 최고위NNG 열VV 보선NNG 공천NNG 논의NNG ,0
취재진NNG 관심NNG 받VV 행보NNG ,0
의원NNG 차별NNG 대안NNG 될VV 없VA ,0
파리VV 때NNG 투하NNG 불발탄NNG 발견NNG ,0
文NNG 대통령NNG 투병NNG 기자NNG 문병NNG 소득NNG 주도NNG 성장NNG 확고XR ,1
시장NNG 망언NNG 사과NNG ,-1
오감NNG 만족NNG 그림NNG 관광지NNG 도로NNG 매력NNG 알려VV ,1
국정NNG 농단NNG 실NNG 대법NNG 전원NNG 합의NNG 체서NNG 심리NNG ,-1
앵커NNG 눈NNG 파업NNG 끝NNG 났VV 소송NNG 가압류NNG 고통NNG 진행형NNG ,-1
응급NNG 의료NNG 헌신NNG 윤NNG 인상NNG ,1
생활NNG 달인NNG 호떡NNG 참빗NNG 비빔국수NNG 집합NNG ,0
인권NNG 폭력NNG 성폭력NNG 얼룩진VV 선수촌NNG 변화NNG 예고NNG ,1
학기NNG 앞두VV 폐원NNG 통보NNG 철회NNG 학부모NNG 불안NNG ,-1
분리NNG 독립NNG 논쟁NNG ,-1
청소년NNG 합창단NNG 교향악단NNG 단원NNG 모집NNG ,0
해외NNG 여행NNG 작가NNG 명예NNG 홍보NNG 대사NNG 위촉NNG ,0
답답XR 잡VV 없VA 권한NNG 금연NNG 구역NNG 단속NNG 공무원NNG ,-1
카풀NNG 반대NNG 택시NNG 기사NNG 분신NNG 대타협NNG 기구NNG 항의NNG ,-1
제재NNG 우회NNG 뚫VV 안간힘NNG ,0
부평NNG 인근NNG 추돌NNG 사고NNG ,0
도시NNG 주택NNG 국NNG 주요NNG 업무NNG 추진NNG 계획NNG 발표NNG ,1
부모NNG 비염NNG 환자NNG 男NNG 초등NNG 여학생NNG 걸릴VV 확률NNG 높VA ,0
앵커NNG 눈NNG 룰NNG 버티VV 응급NNG 응급실NNG ,-1
문인NNG 풍류지NNG 폐가NNG 바위NNG 글씨NNG ,0
연구NNG 개발NNG 서명NNG ,1
시장NNG 상인NNG 경찰NNG 편파NNG 수사NNG 중단NNG ,-1
국회NNG 앞NNG 분신NNG 추정NNG 택시NNG 화재NNG ,0
당NNG 몫NNG 거부NNG 靑NNG 제척NNG 사유NNG 있VV 묻VV ,0
가수NNG 최초NNG 그래미NNG 무대NNG 수상자NNG 돌아오VV ,1
원NNG 빌려VV 하루NNG 이자NNG 성매매NNG 강요NNG 조폭NNG ,-1
부고NNG 별세NNG 外NNG ,0
생활NNG 달인NNG 참빗NNG 가족NNG 달NNG 어온NNG 놀라운VA 손놀림NNG 위치NNG ,0
중국인NNG 톱NNG 여행지NNG 진입NNG 중NNG 소비NNG 화세NNG ,1
재판NNG 첩첩산중NNG 제척NNG 사유NNG 없VA 재판부NNG 찾VV ,-1
몰VV 경차NNG 가로수NNG 충돌NNG 동네NNG 노인NNG 사상NNG ,-1
대출NNG 높VA 예금NNG 낮VA 격차NNG 최대NNG ,-1
게임NNG 사망NNG 유가족NNG 직원NNG 골든NNG 타임NNG 놓쳐VV ,-1
논란NNG 금지령NNG 예고NNG ,-1
대법원장NNG 법정NNG 선다VV 범죄NNG 혐의NNG ,-1
수소NNG 차NNG 충전NNG 국회NNG 물꼬NNG 튼VV 규제NNG 특례NNG ,1
청년NNG 햇살NNG 기금NNG 고갈NNG 서민NNG 금융NNG 공급NNG 중단NNG 우려NNG ,-1
중NNG 전쟁NNG 수혜자NNG ,1
시원XR 스쿨NNG 랩NNG 한정NNG 더블NNG 이벤트NNG 수강NNG 기간NNG 연장NNG ,1
공정NNG 위원장NNG 경제NNG 민주NNG 실패NNG 성찰NNG 필요NNG 재벌NNG 개혁NNG 과거NNG 방식NNG 돼VV ,-1
문NNG 대통령NNG 구제역NNG 국민NNG 안전NNG 챙긴VV 공직자NNG 감사NNG 희망찬VA 봄NNG 맞VV ,1
자동NNG 전부NNG 기술NNG 개발NNG 투자NNG ,1
자막NNG 뉴스NNG 단독NNG 달력NNG 선물NNG 돼지고기NNG 떡국NNG 북녘NNG 설NNG 풍경NNG ,0

특별NNG 정상NNG 회의NNG 트럼프NNG 참석NNG ,0
소재NNG 묘NNG 이번NNG 망치NNG 테러NNG 명판NNG 이름NNG 훼손NNG 발견NNG ,-1
날씨NNG 포근XR 낮NNG 추워져VA 오전NNG 곳곳NNG 눈NNG 비NNG ,0
공장NNG 생산NNG 쑥NNG 불량NNG 뚝NNG ,1
넘VV 상습NNG 성폭행NNG 기소NNG 의견NNG 검찰NNG 송치NNG ,-1
美NNG 전자NNG 담배NNG 폭발NNG 사망NNG 파편NNG 경동맥NNG 파열NNG ,-1
증가NNG 치매NNG 전조NNG 증상NNG 경도NNG 장애NNG 조기NNG 발견NNG 중요NNG ,0
최악NNG 미세먼지NNG 국외NNG 영향NNG ,0
법NNG 설NNG 연휴NNG 음주NNG 적발NNG 넘VV ,-1
부음NNG 안일NNG 별세NNG ,0
항소심NNG 유죄NNG 환영NNG 수많VA 연대NNG ,1
앵커NNG 시선NNG 대통령NNG 딸NNG ,0
손NNG 보NNG 인수NNG 전NNG 금융NNG 참여NNG 불참NNG ,1
핵보유국NNG 회의NNG 개막NNG 비핵화NNG 논의NNG 가능NNG ,1
차NNG 차기NNG 사장NNG 부사장NNG 내정NNG ,0
만난VV 혁신NNG 성장NNG 일자리NNG 창출NNG 큰VA 역할NNG ,1
생로병사NNG 비밀NNG 쉬쉬XR 키운VV 고통NNG 배뇨NNG 장애NNG 원인NNG 예방법NNG 치료법NNG ,0
산다VV ,1
금속NNG 노조NNG 형NNG 일자리NNG 과잉NNG 설비NNG 투자NNG ,-1
총리NNG 기술NNG 연구소NNG 방문NNG ,1
브리핑NNG 실형NNG 법정NNG 구속NNG 당선NNG 무효NNG 위기NNG ,-1
노리NNG 새것NNG 되살린VV 올VV 쇼NNG 케이스NNG ,1
대표NNG 접촉NNG 사고NNG 운전자NNG 여성NNG 동승자NNG 있VV ,-1
주거NNG 비닐하우스NNG 불NNG 사망NNG 친구NNG 중태NNG 종합NNG ,-1
착용NNG 아디NNG 다스NNG 익VV 빗NNG 출시NNG ,1
대학원NNG 유치NNG 나선다VV ,1
기자NNG 뽑VV 올해NNG 차NNG 만점NNG ,1
토지NNG 보상금NNG 최대NNG 규모NNG 집값NNG 안정NNG 복병NNG 우려NNG ,0
음주NNG 단속NNG 피하VV 질풍NNG 도주NNG 적발NNG ,-1
오늘NNG ,0
물NNG 마시VV 감독NNG ,0
마약NNG 조직NNG 노린다VV 적발NNG 급증NNG ,-1
직업NNG 계고NNG 취업률NNG 공공NNG 부문NNG 고졸XR 채용NNG 확대NNG ,1
공공NNG 부문NNG 비정규직NNG 정규직NNG 전환NNG 명NNG ,1
세계NNG 통사NNG 장비NNG 사용NNG 중단NNG ,-1
체육계NNG 비리NNG 이상NNG 용납NNG 없VA 정부NNG 대책NNG 발표NNG ,1
단독NNG 공공NNG 기관NNG 최종NNG 면접NNG 도중NNG 무효NNG 통보NNG 논술NNG 결과NNG 뒤바뀌VV ,-1
프리랜서NNG 기자NNG 폭행NNG 공갈NNG 혐의NNG 맞고소NNG ,-1
그라운드NNG 스포츠NNG 프로NNG 팀NNG 선수NNG 지원NNG 정책NNG 발표NNG ,1
외식NNG 매장NNG 설NNG 연휴NNG 맞VV 다양XR 프로모션NNG 펼쳐VV ,1
단독NNG 앵커NNG 눈NNG 석탄NNG 가격NNG 올려VV 미세먼지NNG 감축NNG 시나리오NNG 분석NNG ,0
탈당NNG 의혹NNG 제기NNG 언론사NNG 고소NNG ,-1
대표NNG 실무NNG 협상NNG 시작NNG ,1
행복NNG 속NNG 길NNG 연다VV 연구소NNG 출범NNG ,1
종시NNG 거리NNG 쓰레기통NNG 부활NNG 승강장NNG 배치NNG ,1
공항NNG 개장NNG 후NNG 발길NNG ,1
北NNG 예술단NNG 이끌VV 방중NNG ,1
비VV 줄다리기NNG 시작NNG 대화NNG 공개NNG 참여NNG ,1
법원NNG 권현NNG 망NNG 선단NNG 밴댕이NNG 포획NNG 무죄NNG 판결NNG 업계NNG 규제NNG 완화NNG 서둘러야VV ,-1
여성NNG 절반NNG 사회NNG 불안NNG 女NNG 범죄NNG 호소NNG ,-1
단독NNG 청NNG 고용NNG 노동NNG 비서관NNG 조성NNG 내정NNG ,0
다음NNG 주NNG 브리핑NNG 댓글NNG 조작NNG 공모NNG 인정NNG 드루NNG 선고NNG ,0
최악NNG 견뎌VV 겨울NNG 바다NNG 담금질NNG ,0
드라마NNG 남자NNG 친구NNG 속NNG 커피NNG 딸기NNG 베NNG 등장NNG ,0
시그널NNG 칼NNG 빼든VV 평가NNG 자산NNG 매각NNG 적자NNG 사업NNG 부NNG 정리NNG ,-1
美NNG 고교NNG 참전NNG 용사NNG 장벽NNG 세우VV 모욕NNG ,-1
참사NNG 되풀이NNG 된다VV 개발NNG 재검토NNG ,1
신NNG 직장NNG 공공NNG 기관NNG 공채NNG 스타트NNG ,1
단독NNG 당시NNG 본행NNG 한국인NNG 난민NNG 증거NNG 영상NNG 최초NNG 발굴NNG ,-1
수주NNG 공시NNG 5GSL 이동NNG 통신NNG, 1






